"관리번호",공원명,공원구분,소재지도로명주소,소재지지번주소,위도,경도,공원면적,공원보유시설(운동시설),공원보유시설(유희시설),공원보유시설(편익시설),공원보유시설(교양시설),공원보유시설(기타시설),지정고시일,관리기관명,전화번호,데이터기준일자
29110-00001,천변,수변공원,,광주광역시 동구 수기동 138,35.150153,126.909264,424420,,,,,,1975-02-18,"광주광역시 동구, 서구, 남구, 북구",062-608-2962,2021-09-06
29110-00002,푸른길,근린공원,,광주광역시 동구 계림동 730,35.164073,126.916029,120586.1,,,,,,2002-05-07,"광주광역시 동구, 남구",062-613-2962,2021-09-06
29110-00003,산수,근린공원,,광주광역시 동구 산수동 401-1,35.155063,126.929324,19691,,,,,,1967-02-20,광주광역시 산수도서관,062-613-7822,2021-09-06
29110-00004,금남로,근린공원,,광주광역시 동구 금남로3가 20-2,35.149756,126.915493,3786.7,,,,,,2003-11-15,광주광역시 동구,062-608-2962,2021-09-06
29110-00005,두암제2,근린공원,,광주광역시 동구 산수동 687,35.16158847,126.9379859,10000.6,,,,,,1991-10-24,광주광역시 동구,062-608-2962,2021-09-06
29110-00006,용산,근린공원,,광주광역시 동구 용산동 323,,,14459,,,,,,2009-06-30,광주광역시 동구,062-608-2962,2021-09-06
29110-00007,산수제1,어린이공원,,광주광역시 동구 산수동 568-2,35.158977,126.934946,2500,,,,,,1990-12-12,광주광역시 동구,062-608-2962,2021-09-06
29110-00008,무량,어린이공원,,광주광역시 동구 운림동 671-1,35.13258444,126.9434747,2200,,,,,,1990-12-13,광주광역시 동구,062-608-2962,2021-09-06
29110-00009,계림제1,어린이공원,,광주광역시 동구 계림동 53,35.158524,126.925015,750,,,,,,2001-01-10,광주광역시 동구,062-608-2962,2021-09-06
29110-00010,무지개,어린이공원,,광주광역시 동구 운림동 693,35.130862,126.944456,2132.8,,,,,,2006-06-05,광주광역시 동구,062-608-2962,2021-09-06
29110-00011,학머리,어린이공원,,광주광역시 동구 학동 625,35.135958,126.926897,2102.6,,,,,,2001-12-17,광주광역시 동구,062-608-2962,2021-09-06
29110-00012,풍향,어린이공원,,광주광역시 동구 계림동 1730,35.160909,126.927968,2453.6,,,,,,1968-03-05,광주광역시 동구,062-608-2962,2021-09-06
29110-00013,율곡,어린이공원,,광주광역시 동구 산수동 708,35.160059,126.937324,4216.4,,,,,,1990-12-12,광주광역시 동구,062-608-2962,2021-09-06
29110-00014,월남,어린이공원,,광주광역시 동구 월남동 623,35.103381,126.938361,1501.7,,,,,,2011-07-01,광주광역시 동구,062-608-2962,2021-09-06
29110-00015,학운1,소공원,,광주광역시 동구 학동 810,35.130529,126.933169,63,,,,,,2006-11-01,광주광역시 동구,062-608-2962,2021-09-06
29110-00016,학운2,소공원,,광주광역시 동구 학동 781-15,35.131358,126.932773,43,,,,,,2006-11-01,광주광역시 동구,062-608-2962,2021-09-06
29110-00017,학운3,소공원,,광주광역시 동구 학동 782-1,35.13123822,126.9328138,45,,,,,,2006-11-01,광주광역시 동구,062-608-2962,2021-09-06
29110-00018,서남2-1,소공원,,광주광역시 동구 서석동 106-14,35.144371,126.922377,91.2,,,,,,2006-11-01,광주광역시 동구,062-608-2962,2021-09-06
29110-00019,서남2-2,소공원,,광주광역시 동구 서석동 117-2,35.144162,126.922333,70.7,,,,,,2006-11-01,광주광역시 동구,062-608-2962,2021-09-06
29110-00020,산수1동 3-1,소공원,,광주광역시 동구 산수동 489-16,35.154726,126.923214,332,,,,,,2010-04-01,광주광역시 동구,062-608-2962,2021-09-06
29110-00021,산수1동 3-2,소공원,,광주광역시 동구 산수동 487-21,35.15486584,126.9226013,270,,,,,,2010-09-01,광주광역시 동구,062-608-2962,2021-09-06
29110-00022,산수1동 3-3,소공원,,광주광역시 동구 산수동 490-7,35.154903,126.923236,290,,,,,,2010-11-01,광주광역시 동구,062-608-2962,2021-09-06
29110-00023,지원2,소공원,,광주광역시 동구 용산동 226,35.119109,126.930703,603,,,,,,2011-11-15,광주광역시 동구,062-608-2962,2021-09-06
29110-00024,동명2-1,소공원,,광주광역시 동구 동명동 181-1,35.152792,126.925925,1113,,,,,,2012-06-15,광주광역시 동구,062-608-2962,2021-09-06
29110-00025,동명2-2,소공원,,광주광역시 동구 동명동 207-70,35.152636,126.924836,90,,,,,,2013-04-15,광주광역시 동구,062-608-2962,2021-09-06
29110-00026,지원3-1,소공원,,광주광역시 동구 소태동 229,35.121172,126.935486,596,,,,,,2016-02-17,광주광역시 동구,062-608-2962,2021-09-06
29110-00027,지원3-2,소공원,,광주광역시 동구 소태동 303,35.12137039,126.9367301,459,,,,,,2016-02-17,광주광역시 동구,062-608-2962,2021-09-06
29110-00028,학동,역사공원,,광주광역시 동구 학동 1013,35.13113755,126.9263174,2049.32,,,,,,2005-11-01,광주광역시 동구,062-613-2962,2021-09-06
29140-00001,5·18 기념,근린공원,,광주광역시 서구 쌍촌동 1268,35.15830536,126.8575559,204985.6,,,,,,1994-11-12,광주광역시 518기념문화센터,062-613-7921,2021-09-06
29140-00002,상록,근린공원,,광주광역시 서구 농성동311-1,35.15564453,126.8886003,24690,,,,,,2003-11-15,광주광역시 시립미술관,062-613-7149,2021-09-06
29140-00003,평화,근린공원,,광주광역시 서구 치평동 1204,35.15654877,126.8516013,24178,,,,,,2010-03-04,광주광역시 푸른도시사업소,062-613-6467,2021-09-06
29140-00004,염주,근린공원,,광주광역시 서구 화정동 843,35.14179467,126.8790066,10400,,,,,,1982-03-23,광주광역시 서구,062-360-7988,2021-09-06
29140-00005,시민,근린공원,,광주광역시 서구 치평동1162,35.15422831,126.8420517,170384.9,,,,,,1994-11-13,광주광역시 서구,062-360-7988,2021-09-06
29140-00006,마재,근린공원,,광주광역시 서구 금호동 789,35.13082708,126.8603245,18267.3,,,,,,1995-06-30,광주광역시 서구,062-360-7988,2021-09-06
29140-00007,신암,근린공원,,광주광역시 서구 풍암동 1126,35.12484181,126.8791753,11417.7,,,,,,1995-06-30,광주광역시 서구,062-360-7988,2021-09-06
29140-00008,풍암,근린공원,,광주광역시 서구 풍암동 1065,35.1535762,126.885235,14344.9,,,,,,1995-06-30,광주광역시 서구,062-360-7988,2021-09-06
29140-00009,상무2지구근린1,근린공원,,광주광역시 서구 유촌동 840-2,35.1307905,126.854249,5756,,,,,,1996-05-23,광주광역시 서구,062-360-7988,2021-09-06
29140-00010,상무2지구근린2,근린공원,,광주광역시 서구 쌍촌동 1313-1,35.16182098,126.8585154,8451.8,,,,,,1996-05-23,광주광역시 서구,062-360-7988,2021-09-06
29140-00011,상무2지구근린3,근린공원,,광주광역시 서구 쌍촌동 1337-1,35.161629,126.861471,9997.5,,,,,,1996-05-23,광주광역시 서구,062-360-7988,2021-09-06
29140-00012,상무2지구근린4,근린공원,,광주광역시 서구 쌍촌동 1339,35.152035,126.863733,1462,,,,,,1996-05-23,광주광역시 서구,062-360-7988,2021-09-06
29140-00013,상무4지구근린1,근린공원,,광주광역시 서구 유촌동 869,35.162781,126.859732,25250.5,,,,,,1996-06-29,광주광역시 서구,062-360-7988,2021-09-06
29140-00014,죽림,근린공원,,광주광역시 서구 동천동 508,35.1682265,126.8573846,10137.5,,,,,,2001-11-24,광주광역시 서구,062-360-7988,2021-09-06
29140-00015,유적,근린공원,,광주광역시 서구 동천동 660,35.16879747,126.8714428,10137.5,,,,,,2001-11-24,광주광역시 서구,062-360-7988,2021-09-06
29140-00016,농성,어린이공원,,광주광역시 서구 농성동 669-3,35.14829089,126.8870628,2100,,,,,,1970-02-05,광주광역시 서구,062-360-7988,2021-09-06
29140-00017,내방,어린이공원,,광주광역시 서구 내방동 837,35.15316181,126.8724947,3200,,,,,,1970-02-05,광주광역시 서구,062-360-7988,2021-09-06
29140-00018,쌍촌,어린이공원,,광주광역시 서구 쌍촌동 967,35.15154737,126.8601442,1500,,,,,,1970-02-05,광주광역시 서구,062-360-7988,2021-09-06
29140-00019,꿈마당,어린이공원,,광주광역시 서구 화정동 892,35.14084666,126.8769865,1500,,,,,,1983-12-30,광주광역시 서구,062-360-7988,2021-09-06
29140-00020,콩콩,어린이공원,,광주광역시 서구 화정동 891,35.14336989,126.8764209,1500,,,,,,1983-12-30,광주광역시 서구,062-360-7988,2021-09-06
29140-00021,효행,어린이공원,,광주광역시 서구 화정동 802,35.14412676,126.8726668,1500,,,,,,1983-12-30,광주광역시 서구,062-360-7988,2021-09-06
29140-00022,주동,어린이공원,,광주광역시 서구 화정동 1081,35.140974,126.884683,1610,,,,,,1986-06-04,광주광역시 서구,062-360-7988,2021-09-06
29140-00023,쌍학,어린이공원,,광주광역시 서구 쌍촌동 1205,35.14717048,126.8666395,8920,,,,,,1987-12-21,광주광역시 서구,062-360-7988,2021-09-06
29140-00024,효광,어린이공원,,광주광역시 서구 쌍촌동 1213,35.14600926,126.8631693,2317.9,,,,,,1987-12-21,광주광역시 서구,062-360-7988,2021-09-06
29140-00025,맛고을,어린이공원,,광주광역시 서구 화정동 914-1,35.14286811,126.8723439,2912,,,,,,1990-09-12,광주광역시 서구,062-360-7988,2021-09-06
29140-00026,학생독립,어린이공원,,광주광역시 서구 화정동 903-1,35.14385414,126.8672551,1500,,,,,,1990-12-06,광주광역시 서구,062-360-7988,2021-09-06
29140-00027,새싹,어린이공원,,광주광역시 서구 쌍촌동 1233-11,35.14390705,126.8694936,1650,,,,,,1990-12-06,광주광역시 서구,062-360-7988,2021-09-06
29140-00028,우정,어린이공원,,광주광역시 서구 화정동 929-2,35.13748091,126.8717159,3317,,,,,,1990-09-12,광주광역시 서구,062-360-7988,2021-09-06
29140-00029,믿음,어린이공원,,광주광역시 서구 쌍촌동 1236-1,35.14506561,126.860862,1500,,,,,,1991-09-19,광주광역시 서구,062-360-7988,2021-09-06
29140-00030,반달,어린이공원,,광주광역시 서구 금호동 741-2,35.13648423,126.8574005,2654.2,,,,,,1991-09-19,광주광역시 서구,062-360-7988,2021-09-06
29140-00031,사랑,어린이공원,,광주광역시 서구 쌍촌동 1258-3,35.141211,126.8605174,1815.9,,,,,,1991-09-19,광주광역시 서구,062-360-7988,2021-09-06
29140-00032,소망,어린이공원,,광주광역시 서구 쌍촌동 1246-2,35.14344799,126.8587973,1510.5,,,,,,1991-09-19,광주광역시 서구,062-360-7988,2021-09-06
29140-00033,푸름,어린이공원,,광주광역시 서구 금호동 743-1,35.13720954,126.8610334,3745.4,,,,,,1991-09-19,광주광역시 서구,062-360-7988,2021-09-06
29140-00034,해님,어린이공원,,광주광역시 서구 금호동 721-1,35.14080017,126.8575861,1638,,,,,,1991-09-19,광주광역시 서구,062-360-7988,2021-09-06
29140-00035,농성공단,어린이공원,,광주광역시 서구 농성동 417-8,35.160056,126.884847,2084,,,,,,1992-08-06,광주광역시 서구,062-360-7988,2021-09-06
29140-00036,풍암,어린이공원,,광주광역시 서구 풍암동 680-1,35.118314,126.867254,1708,,,,,,1992-08-06,광주광역시 서구,062-360-7988,2021-09-06
29140-00037,느티나무,어린이공원,,광주광역시 서구 치평동 1192,35.159801,126.846567,1519,,,,,,1994-11-12,광주광역시 서구,062-360-7988,2021-09-06
29140-00038,무지개,어린이공원,,광주광역시 서구 쌍촌동 1302-2,35.15319827,126.8598077,2716,,,,,,1994-11-12,광주광역시 서구,062-360-7988,2021-09-06
29140-00039,오월,어린이공원,,광주광역시 서구 쌍촌동 1288-2,35.15587992,126.8622528,2057.1,,,,,,1994-11-12,광주광역시 서구,062-360-7988,2021-09-06
29140-00040,운천,어린이공원,,광주광역시 서구 치평동 1168-3,35.15329763,126.8465895,2794.1,,,,,,1994-11-12,광주광역시 서구,062-360-7988,2021-09-06
29140-00041,장수,어린이공원,,광주광역시 서구 치평동 1166-10,35.15714776,126.8433994,8084.1,,,,,,1994-11-12,광주광역시 서구,062-360-7988,2021-09-06
29140-00042,치평,어린이공원,,광주광역시 서구 치평동 1171-9,35.1496564,126.8439713,4416.3,,,,,,1994-11-12,광주광역시 서구,062-360-7988,2021-09-06
29140-00043,해오리,어린이공원,,광주광역시 서구 치평동 1174-1,35.1465485,126.8439597,3551.5,,,,,,1994-11-12,광주광역시 서구,062-360-7988,2021-09-06
29140-00044,개나리,어린이공원,,광주광역시 서구 풍암동 1056,35.120501,126.877528,3837.4,,,,,,1995-06-30,광주광역시 서구,062-360-7988,2021-09-06
29140-00045,금당,어린이공원,,광주광역시 서구 풍암동 1165,35.127677,126.883968,3277.8,,,,,,1995-06-30,광주광역시 서구,062-360-7988,2021-09-06
29140-00046,금호,어린이공원,,광주광역시 서구 금호동 811,35.129224,126.857342,3608.9,,,,,,1995-06-30,광주광역시 서구,062-360-7988,2021-09-06
29140-00047,달맞이,어린이공원,,광주광역시 서구 금호동 833,35.123794,126.859225,1631.2,,,,,,1995-06-30,광주광역시 서구,062-360-7988,2021-09-06
29140-00048,당산,어린이공원,,광주광역시 서구 풍암동 1129,35.123995,126.881616,4728.1,,,,,,1995-06-30,광주광역시 서구,062-360-7988,2021-09-06
29140-00049,살구,어린이공원,,광주광역시 서구 풍암동 1062,35.121028,126.882554,2191,,,,,,1995-06-30,광주광역시 서구,062-360-7988,2021-09-06
29140-00050,새롬,어린이공원,,광주광역시 서구 풍암동 1008,35.122905,126.868453,3090.1,,,,,,1995-06-30,광주광역시 서구,062-360-7988,2021-09-06
29140-00051,운리,어린이공원,,광주광역시 서구 풍암동 947,35.12288931,126.864779,8548.7,,,,,,1995-06-30,광주광역시 서구,062-360-7988,2021-09-06
29140-00052,희망,어린이공원,,광주광역시 서구 풍암동 1052,35.123787,126.876195,2207,,,,,,1995-06-30,광주광역시 서구,062-360-7988,2021-09-06
29140-00053,금부,어린이공원,,광주광역시 서구 금호동 749,35.13463818,126.857351,1461.8,,,,,,1996-01-20,광주광역시 서구,062-360-7988,2021-09-06
29140-00054,풍금,어린이공원,,광주광역시 서구 금호동 771-1,35.13311005,126.8609482,5414.2,,,,,,1996-01-20,광주광역시 서구,062-360-7988,2021-09-06
29140-00055,상일,어린이공원,,광주광역시 서구 쌍촌동 1344-6,35.159544,126.865365,2549.6,,,,,,1996-05-23,광주광역시 서구,062-360-7988,2021-09-06
29140-00056,서광,어린이공원,,광주광역시 서구 쌍촌동 1358,35.157198,126.864612,3067.2,,,,,,1996-05-23,광주광역시 서구,062-360-7988,2021-09-06
29140-00057,유촌,어린이공원,,광주광역시 서구 쌍촌동 1326-1,35.16086468,126.8577838,3733.4,,,,,,1996-05-23,광주광역시 서구,062-360-7988,2021-09-06
29140-00058,극락,어린이공원,,광주광역시 서구 유촌동 857,35.165255,126.858317,1643.3,,,,,,1996-07-11,광주광역시 서구,062-360-7988,2021-09-06
29140-00059,유덕,어린이공원,,광주광역시 서구 유촌동 873,35.164624,126.862005,1517.4,,,,,,1996-07-11,광주광역시 서구,062-360-7988,2021-09-06
29140-00060,새누리,어린이공원,,광주광역시 서구 풍암동 903,35.121169,126.863672,2187.1,,,,,,1996-12-30,광주광역시 서구,062-360-7988,2021-09-06
29140-00061,햇살,어린이공원,,광주광역시 서구 금호동 862,35.122109,126.859966,2322,,,,,,1996-12-30,광주광역시 서구,062-360-7988,2021-09-06
29140-00062,화개,어린이공원,,광주광역시 서구 금호동 890,35.124099,126.856268,1877.1,,,,,,1996-12-30,광주광역시 서구,062-360-7988,2021-09-06
29140-00063,원마륵,어린이공원,,광주광역시 서구 치평동 1280-1,35.144901,126.841092,1500.1,,,,,,2001-08-25,광주광역시 서구,062-360-7988,2021-09-06
29140-00064,백구,어린이공원,,광주광역시 서구 동천동 503,35.171703,126.858716,1601.9,,,,,,2001-12-01,광주광역시 서구,062-360-7988,2021-09-06
29140-00065,자미,어린이공원,,광주광역시 서구 동천동 539,35.171997,126.858773,1505.5,,,,,,2001-12-01,광주광역시 서구,062-360-7988,2021-09-06
29140-00066,화추,어린이공원,,광주광역시 서구 동천동 609,35.170924,126.8642121,1592.5,,,,,,2001-12-01,광주광역시 서구,062-360-7988,2021-09-06
29140-00067,행자,어린이공원,,광주광역시 서구 동천동 646,35.171703,126.858716,1742.2,,,,,,2001-12-01,광주광역시 서구,062-360-7988,2021-09-06
29140-00068,강나루,어린이공원,,광주광역시 서구 동천동 729,35.171703,126.858716,2215.1,,,,,,2001-12-01,광주광역시 서구,062-360-7988,2021-09-06
29140-00069,경열,어린이공원,,광주광역시 서구 농성동 73-1,35.153118,126.891822,901,,,,,,2011-03-22,광주광역시 서구,062-360-7988,2021-09-06
29140-00070,U대회,어린이공원,,광주광역시 서구 화정동 1621,35.144733,126.885183,2077.6,,,,,,2008-09-16,광주광역시 서구,062-360-7988,2021-09-06
29140-00071,양1동 1,소공원,,광주광역시 서구 양동 320,35.155475,126.898842,171,,,,,,2007-05-30,광주광역시 서구,062-360-7988,2021-09-06
29140-00072,양1동 2,소공원,,광주광역시 서구 양동 302-94,35.1542397,126.8991314,79,,,,,,2007-05-30,광주광역시 서구,062-360-7988,2021-09-06
29140-00073,덕흥동 1,소공원,,광주광역시 서구 덕흥동 477-1,35.16715572,126.8373738,889,,,,,,2006-08-16,광주광역시 서구,062-360-7988,2021-09-06
29140-00074,덕흥동 2,소공원,,광주광역시 서구 덕흥동 454,35.166619,126.837582,501,,,,,,2006-08-16,광주광역시 서구,062-360-7988,2021-09-06
29140-00075,농성1동 1,소공원,,광주광역시 서구 농성동 30-10,35.156464,126.891501,280,,,,,,2007-08-16,광주광역시 서구,062-360-7988,2021-09-06
29140-00076,유촌동,소공원,,광주광역시 서구 유촌동 518,35.165895,126.852564,559,,,,,,2011-04-15,광주광역시 서구,062-360-7988,2021-09-06
29140-00077,농성1동 2,소공원,,광주광역시 서구 농성동 74-12,35.154566,126.887912,1082,,,,,,2011-04-15,광주광역시 서구,062-360-7988,2021-09-06
29140-00078,서창동 1,소공원,,광주광역시 서구 서창동 464-3,35.107357,126.822745,611,,,,,,2008-02-01,광주광역시 서구,062-360-7988,2021-09-06
29140-00079,화정주공소공 1,소공원,,광주광역시 서구 화정동 1618,35.107357,126.822745,252.4,,,,,,2012-04-01,광주광역시 서구,062-360-7988,2021-09-06
29140-00080,농성동,소공원,,광주광역시 서구 농성동 374-1,35.156042,126.888499,417,,,,,,2016-10-01,광주광역시 서구,062-360-7988,2021-09-06
29140-00081,마륵,소공원,,광주광역시 서구 마륵동 51,,,2051,,,,,,2017-06-12,광주광역시 서구,062-360-7988,2021-09-06
29140-00082,상무,수변공원,,광주광역시 서구 쌍촌동 869-9,35.14717659,126.8562186,74020,,,,,,1967-02-20,광주광역시 서구,062-360-7726,2021-09-06
29140-00083,전평제,수변공원,,광주광역시 서구 매월동 519-1,35.116032,126.848302,44000,,,,,,2006-07-14,광주광역시 서구,062-360-7726,2021-09-06
29155-00001,아시아다문화커뮤니티,문화공원,,광주광역시 남구 구동 1,35.148296,126.909862,5547,,,,,,2009-01-06,광주광역시 푸른도시사업소,062-613-6467,2021-09-06
29155-00002,광주,역사공원,,광주광역시 남구 구동 21-1,35.14707323,126.9100957,46782,,,,,,1943-04-19,광주광역시 푸른도시사업소,062-613-6467,2021-09-06
29155-00003,아시아전통문화,역사공원,,광주광역시 남구 구동 24,35.14550428,126.908944,2571,,,,,,2009-01-06,광주광역시 푸른도시사업소,062-613-6467,2021-09-06
29155-00004,사직,역사공원,,광주광역시 남구 사동 177,35.14330864,126.9103826,71577,,,,,,1943-04-19,광주광역시 푸른도시사업소,062-613-6467,2021-09-06
29155-00005,봉선,근린공원,,광주광역시 남구 봉선동 1016,35.13051709,126.9110622,10288.8,,,,,,1984-12-27,광주광역시 남구,062-607-3814,2021-09-06
29155-00006,유안,근린공원,,광주광역시 남구 봉선동 134,35.1231668,126.9166045,20675,,,,,,1985-11-12,광주광역시 남구,062-607-3814,2021-09-06
29155-00007,풀빛,근린공원,,광주광역시 남구 노대동 727,35.11004546,126.9008268,53549.1,,,,,,2003-11-12,광주광역시 남구,062-607-3814,2021-09-06
29155-00008,하늘빛,근린공원,,광주광역시 남구 노대동 826,35.108309,126.906528,14403.1,,,,,,2003-11-12,광주광역시 남구,062-607-3814,2021-09-06
29155-00009,물빛,근린공원,,광주광역시 남구 노대동 865,35.10513061,126.9045796,44176.6,,,,,,2003-11-12,광주광역시 남구,062-607-3814,2021-09-06
29155-00010,봉선2,근린공원,,광주광역시 남구 봉선동 88,35.119447,126.917425,12056,,,,,,2005-04-04,광주광역시 남구,062-607-3814,2021-09-06
29155-00011,향등마을,근린공원,,광주광역시 남구 행암동 520,35.101745,126.880086,41554,,,,,,2005-12-29,광주광역시 남구,062-607-3814,2021-09-06
29155-00012,해마루,근린공원,,광주광역시 남구 행암동 554,35.102706,126.885521,15264.2,,,,,,2005-12-29,광주광역시 남구,062-607-3814,2021-09-06
29155-00013,천변길,근린공원,,광주광역시 남구 행암동 525,35.10098119,126.8820714,43621.1,,,,,,2005-12-29,광주광역시 남구,062-607-3814,2021-09-06
29155-00014,효천,근린공원,,광주광역시 남구 임암동 산51,35.10411589,126.8649723,168587,,,,,,2008-12-30,광주광역시 남구,062-607-3814,2021-09-06
29155-00015,진월지구,소공원,,광주광역시 남구 노대동 869,35.102311,126.904943,4190.2,,,,,,2008-12-31,광주광역시 남구,062-607-3816,2021-09-06
29155-00016,주월,소공원,,광주광역시 남구 주월동 1309,35.130898,126.903983,195,,,,,,2013-03-01,광주광역시 남구,062-607-3816,2021-09-06
29155-00017,양림 1,소공원,,광주광역시 남구 양림동 203,35.14254863,126.9156833,279,,,,,,2011-08-01,광주광역시 남구,062-607-3816,2021-09-06
29155-00018,서동,소공원,,광주광역시 남구 서동 292,35.145184,126.906728,4579.2,,,,,,2009-12-30,광주광역시 남구,062-607-3816,2021-09-06
29155-00019,월산 제2,어린이공원,,광주광역시 남구 월산동 1034-1,35.1392906,126.8938258,2300,,,,,,1968-11-20,광주광역시 남구,062-607-3816,2021-09-06
29155-00020,봉선,어린이공원,,광주광역시 남구 주월동 1281-1,35.132236,126.903833,1800,,,,,,1968-11-20,광주광역시 남구,062-607-3816,2021-09-06
29155-00021,방림 제1,어린이공원,,광주광역시 남구 방림동 528-2,35.13240389,126.9167246,3000,,,,,,1968-11-20,광주광역시 남구,062-607-3816,2021-09-06
29155-00022,세은 3,어린이공원,,광주광역시 남구 백운동 653-136,35.135342,126.897162,753,,,,,,1979-01-20,광주광역시 남구,062-607-3816,2021-09-06
29155-00023,세은 4,어린이공원,,광주광역시 남구 월산동 1048-121,35.13648512,126.8959142,402,,,,,,1979-01-20,광주광역시 남구,062-607-3816,2021-09-06
29155-00024,세은 5,어린이공원,,광주광역시 남구 월산동 1047-13,35.136694,126.893469,883,,,,,,1979-01-20,광주광역시 남구,062-607-3816,2021-09-06
29155-00025,방죽,어린이공원,,광주광역시 남구 봉선동 484-4,35.12340907,126.9124924,3400,,,,,,1986-06-04,광주광역시 남구,062-607-3816,2021-09-06
29155-00026,방림 제2,어린이공원,,광주광역시 남구 방림동 553,35.13084515,126.9147666,1548.5,,,,,,1987-09-16,광주광역시 남구,062-607-3816,2021-09-06
29155-00027,방림 제3,어린이공원,,광주광역시 남구 방림동 557,35.1297325,126.9168392,2923.1,,,,,,1987-09-16,광주광역시 남구,062-607-3816,2021-09-06
29155-00028,봉선제1,어린이공원,,광주광역시 남구 봉선동 986,35.13029289,126.9089521,3399.2,,,,,,1987-09-16,광주광역시 남구,062-607-3816,2021-09-06
29155-00029,봉선제2,어린이공원,,광주광역시 남구 봉선동 1031,35.12884249,126.9124866,1603.3,,,,,,1987-09-16,광주광역시 남구,062-607-3816,2021-09-06
29155-00030,봉선제3,어린이공원,,광주광역시 남구 봉선동 1008,35.12732521,126.9084332,2301.8,,,,,,1987-09-16,광주광역시 남구,062-607-3816,2021-09-06
29155-00031,현대,어린이공원,,광주광역시 남구 진월동 481-27,35.116541,126.899301,1500,,,,,,1989-01-16,광주광역시 남구,062-607-3816,2021-09-06
29155-00032,향등,어린이공원,,광주광역시 남구 행암동 504,35.100576,126.878811,1330.3,,,,,,2000-09-04,광주광역시 남구,062-607-3816,2021-09-06
29155-00033,달맞이,어린이공원,,광주광역시 남구 노대동 841,35.106545,126.905473,6363.7,,,,,,2003-11-12,광주광역시 남구,062-607-3816,2021-09-06
29155-00034,쟁이마당,어린이공원,,광주광역시 남구 노대동 834,35.105534,126.908931,7711.3,,,,,,2003-11-12,광주광역시 남구,062-607-3816,2021-09-06
29155-00035,조각배,어린이공원,,광주광역시 남구 노대동 768,35.102893,126.901616,2473.9,,,,,,2003-11-12,광주광역시 남구,062-607-3816,2021-09-06
29155-00036,봉선2지구,어린이공원,,광주광역시 남구 봉선동 1064-3,35.121908,126.915895,4902,,,,,,2005-03-30,광주광역시 남구,062-607-3816,2021-09-06
29155-00037,대촌,어린이공원,,광주광역시 남구 지석동 325-5,35.08418469,126.8294499,3535,,,,,,2006-10-17,광주광역시 남구,062-607-3816,2021-09-06
29155-00038,풀향기,어린이공원,,광주광역시 남구 행암동 542,35.097786,126.883219,1840.8,,,,,,2005-12-29,광주광역시 남구,062-607-3816,2021-09-06
29155-00039,늘품,어린이공원,,광주광역시 남구 행암동 637,35.103547,126.890608,1777.5,,,,,,2005-12-29,광주광역시 남구,062-607-3816,2021-09-06
29155-00040,불로,어린이공원,,광주광역시 남구 봉선동 1086,35.119947,126.911105,6008,,,,,,2013-07-01,광주광역시 남구,062-607-3816,2021-09-06
29155-00041,조봉,어린이공원,,광주광역시 남구 봉선동 510-1,35.1233695,126.9077442,3715,,,,,,2009-04-15,광주광역시 남구,062-607-3816,2021-09-06
29155-00042,대성,어린이공원,,광주광역시 남구 진월동 878,35.115621,126.899226,1100,,,,,,1986-06-04,광주광역시 남구,062-607-3816,2021-09-06
29155-00043,화방,어린이공원,,광주광역시 남구 임암동 742,35.1052625,126.872803,1519.6,,,,,,2008-12-30,광주광역시 남구,062-607-3816,2021-09-06
29155-00044,꿈나무,어린이공원,,광주광역시 남구 임암동 812,35.105504,126.877015,1518.3,,,,,,2008-12-30,광주광역시 남구,062-607-3816,2021-09-06
29155-00045,산돌,어린이공원,,광주광역시 남구 임암동 729,35.103287,126.870631,1531.6,,,,,,2008-12-30,광주광역시 남구,062-607-3816,2021-09-06
29155-00046,임암,어린이공원,,광주광역시 남구 임암동 880,35.101817,126.873501,1529,,,,,,2008-12-30,광주광역시 남구,062-607-3816,2021-09-06
29155-00047,빛고을농촌테마,도시농업공원,,광주광역시 남구 양과동 1237-7,35.084787,126.867948,49805.9,,,,,,2016-03-15,광주광역시 남구,062-607-3851,2021-09-06
29170-00001,우치,근린공원,,광주광역시 북구 생용동 658,35.22431388,126.8942421,968868,,,,,,1987-09-25,광주광역시 우치공원관리사무소,062-613-5865,2021-09-06
29170-00002,망월,묘지공원,,광주광역시 북구 수곡동 산30-4,35.235971,126.933968,605000,,,,,,1971-06-25,광주광역시도시공사,062-266-8170,2021-09-06
29170-00003,교통,근린공원,,광주광역시 북구 오룡동 1113,35.22054602,126.8587669,62168.6,,,,,,1991-12-12,광주광역시도시공사,062-972-0054,2021-09-06
29170-00004,국립5·18민주묘지,묘지공원,,광주광역시 북구 운정동 산34,35.235085,126.939913,167770,,,,,,1995-01-05,518국립묘지관리사무소,062-268-5185,2021-09-06
29170-00005,무등산생태문화,문화공원,,광주광역시 북구 충효동 805,35.18178478,126.9962453,44010,,,,,,2016-08-15,광주광역시 북구,062-410-6437,2021-09-06
29170-00006,제2시립(영락),묘지공원,,광주광역시 북구 효령동 96,35.230903,126.916388,1032420,,,,,,1998-10-12,광주광역시도시공사,062-572-1701,2021-09-06
29170-00007,문화,근린공원,,광주광역시 북구 문흥동 1009-1,35.18491724,126.9166864,87710.3,,,,,,1990-12-31,광주광역시 북구,062-410-6437,2021-09-06
29170-00008,두암제1,근린공원,,광주광역시 북구 두암동 969-4,35.16510359,126.9376496,13383.5,,,,,,1990-12-12,광주광역시 북구,062-410-6437,2021-09-06
29170-00009,일곡제1,근린공원,,광주광역시 북구 일곡동 850-1,35.20951352,126.8946493,34840.3,,,,,,1993-12-06,광주광역시 북구,062-410-6437,2021-09-06
29170-00010,일곡제2,근린공원,,광주광역시 북구 일곡동 820-2,35.20650134,126.8983947,10315,,,,,,1993-12-06,광주광역시 북구,062-410-6437,2021-09-06
29170-00011,일곡제3,근린공원,,광주광역시 북구 일곡동 848-3,35.20259322,126.8962296,14313.6,,,,,,1993-12-06,광주광역시 북구,062-410-6437,2021-09-06
29170-00012,신용빛고을,근린공원,,광주광역시 북구 신용동 680,35.20779341,126.8613964,34505.3,,,,,,2006-12-05,광주광역시 북구,062-410-6437,2021-09-06
29170-00013,연제,근린공원,,광주광역시 북구 연제동 1020,35.2014475,126.8636426,48063.4,,,,,,2006-12-05,광주광역시 북구,062-410-6437,2021-09-06
29170-00014,신용강변,근린공원,,광주광역시 북구 신용동 649,35.2123642,126.8575359,22483.2,,,,,,2006-12-05,광주광역시 북구,062-410-6437,2021-09-06
29170-00015,운암제3,근린공원,,광주광역시 북구 운암동 산94,35.180392,126.875754,11024,,,,,,1982-08-04,광주광역시 북구,062-410-6437,2021-09-06
29170-00016,태봉,어린이공원,,광주광역시 북구 신안동 148,35.16291762,126.9030896,2960,,,,,,1957-11-19,광주광역시 북구,062-410-6437,2021-09-06
29170-00017,미리내,어린이공원,,광주광역시 북구 중흥동 714-1,35.15991098,126.9080981,2056,,,,,,1957-11-19,광주광역시 북구,062-410-6437,2021-09-06
29170-00018,운암,어린이공원,,광주광역시 북구 운암동 95,35.174037,126.881634,2496.5,,,,,,1970-06-05,광주광역시 북구,062-410-6437,2021-09-06
29170-00019,버들,어린이공원,,광주광역시 북구 운암동 449-3,35.17248384,126.8837449,3515.4,,,,,,1970-06-05,광주광역시 북구,062-410-6437,2021-09-06
29170-00020,지우,어린이공원,,광주광역시 북구 운암동 478-1,35.1754882,126.8840764,3860.5,,,,,,1970-06-05,광주광역시 북구,062-410-6437,2021-09-06
29170-00021,신안,어린이공원,,광주광역시 북구 신안동 471-1,35.1716172,126.8982976,3817.5,,,,,,1970-06-05,광주광역시 북구,062-410-6437,2021-09-06
29170-00022,효동,어린이공원,,광주광역시 북구 중흥동 347-1,35.16828727,126.9092391,4205,,,,,,1970-06-05,광주광역시 북구,062-410-6437,2021-09-06
29170-00023,용흥,어린이공원,,광주광역시 북구 용봉동 158-6,35.17633079,126.9139155,2330,,,,,,1977-06-11,광주광역시 북구,062-410-6437,2021-09-06
29170-00024,꿈동산,어린이공원,,광주광역시 북구 두암동 588-5,35.17713614,126.9331745,2205.9,,,,,,1977-12-30,광주광역시 북구,062-410-6437,2021-09-06
29170-00025,무등,어린이공원,,광주광역시 북구 두암동 595-5,35.17740483,126.9366873,1747.8,,,,,,1977-12-30,광주광역시 북구,062-410-6437,2021-09-06
29170-00026,희망,어린이공원,,광주광역시 북구 두암동 564-1,35.1795632,126.9279029,2578.5,,,,,,1977-12-30,광주광역시 북구,062-410-6437,2021-09-06
29170-00027,우리,어린이공원,,광주광역시 북구 우산동 602-1,35.18009214,126.9211878,1873.1,,,,,,1984-09-25,광주광역시 북구,062-410-6437,2021-09-06
29170-00028,하백,어린이공원,,광주광역시 북구 매곡동 83-3,35.1912495,126.8909254,1666,,,,,,1986-06-04,광주광역시 북구,062-410-6437,2021-09-06
29170-00029,무진,어린이공원,,광주광역시 북구 두암동 950,35.17059371,126.9358188,1500,,,,,,1987-11-11,광주광역시 북구,062-410-6437,2021-09-06
29170-00030,부영,어린이공원,,광주광역시 북구 두암동 952,35.16865389,126.9356359,3414,,,,,,1987-11-11,광주광역시 북구,062-410-6437,2021-09-06
29170-00031,초롱,어린이공원,,광주광역시 북구 두암동 951,35.16925738,126.9382919,1674,,,,,,1987-11-11,광주광역시 북구,062-410-6437,2021-09-06
29170-00032,평교,어린이공원,,광주광역시 북구 문흥동 925-6,35.17949232,126.9249169,1538.5,,,,,,1987-11-11,광주광역시 북구,062-410-6437,2021-09-06
29170-00033,그린,어린이공원,,광주광역시 북구 우산동 203-1,35.17435489,126.924544,2326.2,,,,,,1987-12-15,광주광역시 북구,062-410-6437,2021-09-06
29170-00034,둘리,어린이공원,,광주광역시 북구 두암동 854-8,35.17086904,126.9316297,2349.5,,,,,,1987-12-15,광주광역시 북구,062-410-6437,2021-09-06
29170-00035,새싹,어린이공원,,광주광역시 북구 두암동 829-8,35.17424756,126.932044,2333.6,,,,,,1987-12-15,광주광역시 북구,062-410-6437,2021-09-06
29170-00036,어울림,어린이공원,,광주광역시 북구 두암동 890-4,35.16883332,126.9277456,2296.2,,,,,,1987-12-15,광주광역시 북구,062-410-6437,2021-09-06
29170-00037,반룡,어린이공원,,광주광역시 북구 용봉동 1227-8,35.1799986,126.9026336,1783,,,,,,1989-12-14,광주광역시 북구,062-410-6437,2021-09-06
29170-00038,봉곡,어린이공원,,광주광역시 북구 용봉동 1232-1,35.180182,126.899263,1905.1,,,,,,1989-12-14,광주광역시 북구,062-410-6437,2021-09-06
29170-00039,새봄,어린이공원,,광주광역시 북구 용봉동 1250-6,35.1778426,126.9005515,1801.5,,,,,,1989-12-14,광주광역시 북구,062-410-6437,2021-09-06
29170-00040,용주,어린이공원,,광주광역시 북구 용봉동 1214,35.1821276,126.9041179,1851,,,,,,1989-12-14,광주광역시 북구,062-410-6437,2021-09-06
29170-00041,고운,어린이공원,,광주광역시 북구 오치동 981-6,35.18627549,126.9102511,2500.8,,,,,,1989-12-14,광주광역시 북구,062-410-6437,2021-09-06
29170-00042,박들,어린이공원,,광주광역시 북구 오치동 913-19,35.1911912,126.9033484,1803.5,,,,,,1989-12-14,광주광역시 북구,062-410-6437,2021-09-06
29170-00043,상오치,어린이공원,,광주광역시 북구 오치동 934-1,35.1884085,126.9104151,1500.9,,,,,,1989-12-14,광주광역시 북구,062-410-6437,2021-09-06
29170-00044,하오치,어린이공원,,광주광역시 북구 오치동 990-1,35.18579733,126.9072609,3600.8,,,,,,1989-12-14,광주광역시 북구,062-410-6437,2021-09-06
29170-00045,샛터,어린이공원,,광주광역시 북구 오치동 927-1,35.1895154,126.9077179,1500.1,,,,,,1989-12-14,광주광역시 북구,062-410-6437,2021-09-06
29170-00046,차돌(독),어린이공원,,광주광역시 북구 오치동 946-9,35.18923418,126.9037787,1506.8,,,,,,1989-12-14,광주광역시 북구,062-410-6437,2021-09-06
29170-00047,군황,어린이공원,,광주광역시 북구 두암동 975-6,35.16212651,126.9396407,1544.7,,,,,,1990-12-12,광주광역시 북구,062-410-6437,2021-09-06
29170-00048,송학,어린이공원,,광주광역시 북구 두암동 968-5,35.16528946,126.9345848,2509.8,,,,,,1990-12-12,광주광역시 북구,062-410-6437,2021-09-06
29170-00049,개나리,어린이공원,,광주광역시 북구 문흥동 787-7,35.18065585,126.9170025,1520.7,,,,,,1991-06-19,광주광역시 북구,062-410-6437,2021-09-06
29170-00050,사랑,어린이공원,,광주광역시 북구 우산동 633-2,35.17800347,126.9187881,1701,,,,,,1991-06-19,광주광역시 북구,062-410-6437,2021-09-06
29170-00051,용봉,어린이공원,,광주광역시 북구 용봉동 1270,35.18242782,126.9142736,1794.2,,,,,,1991-06-19,광주광역시 북구,062-410-6437,2021-09-06
29170-00052,충효,어린이공원,,광주광역시 북구 우산동 633-5,35.17600952,126.9185749,4104.1,,,,,,1991-06-19,광주광역시 북구,062-410-6437,2021-09-06
29170-00053,현대,어린이공원,,광주광역시 북구 우산동 631-2,35.17976369,126.9199588,1500.4,,,,,,1991-06-19,광주광역시 북구,062-410-6437,2021-09-06
29170-00054,삼정,어린이공원,,광주광역시 북구 두암동 969-10,35.16769944,126.9375115,2410.1,,,,,,1991-10-24,광주광역시 북구,062-410-6437,2021-09-06
29170-00055,장수,어린이공원,,광주광역시 북구 두암동 969-9,35.16199625,126.9387013,1650,,,,,,1991-10-24,광주광역시 북구,062-410-6437,2021-09-06
29170-00056,느티나무,어린이공원,,광주광역시 북구 문흥동 995-4,35.18438492,126.9241219,2356.1,,,,,,1991-12-31,광주광역시 북구,062-410-6437,2021-09-06
29170-00057,늘푸른,어린이공원,,광주광역시 북구 문흥동 985-2,35.18776524,126.9274433,2345.3,,,,,,1991-12-31,광주광역시 북구,062-410-6437,2021-09-06
29170-00058,동심,어린이공원,,광주광역시 북구 문흥동 996-4,35.18626587,126.9224162,2582.7,,,,,,1991-12-31,광주광역시 북구,062-410-6437,2021-09-06
29170-00059,문산,어린이공원,,광주광역시 북구 문흥동 993-1,35.1866576,126.9261663,1500.2,,,,,,1991-12-31,광주광역시 북구,062-410-6437,2021-09-06
29170-00060,바느실,어린이공원,,광주광역시 북구 문흥동 972-2,35.19022191,126.923831,2571.1,,,,,,1991-12-31,광주광역시 북구,062-410-6437,2021-09-06
29170-00061,백일홍,어린이공원,,광주광역시 북구 문흥동 1011-4,35.18267635,126.9247646,2280.1,,,,,,1991-12-31,광주광역시 북구,062-410-6437,2021-09-06
29170-00062,소망,어린이공원,,광주광역시 북구 문흥동 1010-3,35.18467526,126.9214515,2551.4,,,,,,1991-12-31,광주광역시 북구,062-410-6437,2021-09-06
29170-00063,송정,어린이공원,,광주광역시 북구 문흥동 970-1,35.19067459,126.9213228,3011,,,,,,1991-12-31,광주광역시 북구,062-410-6437,2021-09-06
29170-00064,오정,어린이공원,,광주광역시 북구 오치동 1018-2,35.18744328,126.9147251,2039.1,,,,,,1991-12-31,광주광역시 북구,062-410-6437,2021-09-06
29170-00065,장미,어린이공원,,광주광역시 북구 문흥동 1004-7,35.18576281,126.9194962,1701.7,,,,,,1991-12-31,광주광역시 북구,062-410-6437,2021-09-06
29170-00066,진달래,어린이공원,,광주광역시 북구 문흥동 955-1,35.18696036,126.920325,1593.9,,,,,,1991-12-31,광주광역시 북구,062-410-6437,2021-09-06
29170-00067,철쭉,어린이공원,,광주광역시 북구 문흥동 1011-6,35.18254778,126.9211128,1606,,,,,,1991-12-31,광주광역시 북구,062-410-6437,2021-09-06
29170-00068,동산,어린이공원,,광주광역시 북구 동림동 1147-3,35.18838989,126.8653074,1508.2,,,,,,1994-11-24,광주광역시 북구,062-410-6437,2021-09-06
29170-00069,산동,어린이공원,,광주광역시 북구 동림동 1146-2,35.1917183,126.865936,1509,,,,,,1994-11-24,광주광역시 북구,062-410-6437,2021-09-06
29170-00070,푸른,어린이공원,,광주광역시 북구 동림동 1158-1,35.18822305,126.8676792,4331.5,,,,,,1994-11-24,광주광역시 북구,062-410-6437,2021-09-06
29170-00071,한마음,어린이공원,,광주광역시 북구 동림동 1161-2,35.188748,126.8696723,1500.5,,,,,,1994-11-24,광주광역시 북구,062-410-6437,2021-09-06
29170-00072,가작,어린이공원,,광주광역시 북구 삼각동 792-1,35.19845708,126.8996346,4159.1,,,,,,1995-06-16,광주광역시 북구,062-410-6437,2021-09-06
29170-00073,당산,어린이공원,,광주광역시 북구 일곡동 818-2,35.2098103,126.8992014,2479.1,,,,,,1995-06-16,광주광역시 북구,062-410-6437,2021-09-06
29170-00074,들샘,어린이공원,,광주광역시 북구 일곡동 849-7,35.20596855,126.8970029,6301.2,,,,,,1995-06-16,광주광역시 북구,062-410-6437,2021-09-06
29170-00075,비둘기,어린이공원,,광주광역시 북구 삼각동 777-2,35.2009824,126.8973384,3244.9,,,,,,1995-06-16,광주광역시 북구,062-410-6437,2021-09-06
29170-00076,삼각,어린이공원,,광주광역시 북구 삼각동 809-9,35.2007347,126.9013236,2167.6,,,,,,1995-06-16,광주광역시 북구,062-410-6437,2021-09-06
29170-00077,서일,어린이공원,,광주광역시 북구 일곡동 816-2,35.2127526,126.9005148,4237.4,,,,,,1995-06-16,광주광역시 북구,062-410-6437,2021-09-06
29170-00078,소소리,어린이공원,,광주광역시 북구 일곡동 857-1,35.2108625,126.8919265,2211.7,,,,,,1995-06-16,광주광역시 북구,062-410-6437,2021-09-06
29170-00079,용수,어린이공원,,광주광역시 북구 삼각동 770-2,35.2001125,126.895457,2744.8,,,,,,1995-06-16,광주광역시 북구,062-410-6437,2021-09-06
29170-00080,월산,어린이공원,,광주광역시 북구 일곡동 825-1,35.2053797,126.8995643,2049.7,,,,,,1995-06-16,광주광역시 북구,062-410-6437,2021-09-06
29170-00081,일곡,어린이공원,,광주광역시 북구 일곡동 917-1,35.20861847,126.8927955,1599.6,,,,,,1995-06-16,광주광역시 북구,062-410-6437,2021-09-06
29170-00082,일동,어린이공원,,광주광역시 북구 일곡동 902-1,35.2067522,126.8914299,2316.2,,,,,,1995-06-16,광주광역시 북구,062-410-6437,2021-09-06
29170-00083,한새,어린이공원,,광주광역시 북구 일곡동 814-2,35.21310759,126.897398,4468.5,,,,,,1995-06-16,광주광역시 북구,062-410-6437,2021-09-06
29170-00084,용봉꿈자람,어린이공원,,광주광역시 북구 용봉동 1407-5,35.1678705,126.8997494,1766.5,,,,,,1995-11-24,광주광역시 북구,062-410-6437,2021-09-06
29170-00085,용봉동,어린이공원,,광주광역시 북구 용봉동 1417-1,35.1832391,126.9026351,1839.2,,,,,,1995-11-24,광주광역시 북구,062-410-6437,2021-09-06
29170-00086,용봉동부,어린이공원,,광주광역시 북구 용봉동 1368-1,35.18044947,126.897079,2764.5,,,,,,1995-11-24,광주광역시 북구,062-410-6437,2021-09-06
29170-00087,용봉북,어린이공원,,광주광역시 북구 용봉동 1335-1,35.18365421,126.8965128,2640,,,,,,1995-11-24,광주광역시 북구,062-410-6437,2021-09-06
29170-00088,용봉서부,어린이공원,,광주광역시 북구 용봉동 1392-1,35.1774602,126.8926149,1621.2,,,,,,1995-11-24,광주광역시 북구,062-410-6437,2021-09-06
29170-00089,용봉중앙,어린이공원,,광주광역시 북구 용봉동 1363-1,35.1797992,126.8937886,3396.7,,,,,,1995-11-24,광주광역시 북구,062-410-6437,2021-09-06
29170-00090,본촌생태,어린이공원,,광주광역시 북구 본촌동 2849,35.217929,126.8797516,6671.4,,,,,,2001-09-14,광주광역시 북구,062-410-6437,2021-09-06
29170-00091,부용,어린이공원,,광주광역시 북구 본촌동 3076,35.2151682,126.8840511,2171.4,,,,,,2001-09-14,광주광역시 북구,062-410-6437,2021-09-06
29170-00092,본촌,어린이공원,,광주광역시 북구 본촌동 2990,35.2123168,126.8803582,1500,,,,,,2001-09-14,광주광역시 북구,062-410-6437,2021-09-06
29170-00093,가마,어린이공원,,광주광역시 북구 본촌동 3080,35.2019384,126.8760848,3844.6,,,,,,2001-09-14,광주광역시 북구,062-410-6437,2021-09-06
29170-00094,효솔,어린이공원,,광주광역시 북구 양산동 764,35.2107348,126.8822436,2828,,,,,,2001-09-14,광주광역시 북구,062-410-6437,2021-09-06
29170-00095,양지,어린이공원,,광주광역시 북구 양산동 837,35.2094969,126.8767582,1611.4,,,,,,2001-09-14,광주광역시 북구,062-410-6437,2021-09-06
29170-00096,양산달빛,어린이공원,,광주광역시 북구 양산동 1006,35.2074071,126.8783718,2388.7,,,,,,2001-09-14,광주광역시 북구,062-410-6437,2021-09-06
29170-00097,본촌산단,어린이공원,,광주광역시 북구 양산동 1090,35.2057965,126.8745952,2061.9,,,,,,2001-09-14,광주광역시 북구,062-410-6437,2021-09-06
29170-00098,신평,어린이공원,,광주광역시 북구 용두동 311-36,35.2106034,126.8713823,2482,,,,,,2007-11-01,광주광역시 북구,062-410-6437,2021-09-06
29170-00099,신용,어린이공원,,광주광역시 북구 신용동 658,35.2106345,126.8582945,3224.1,,,,,,2012-03-15,광주광역시 북구,062-410-6437,2021-09-06
29170-00100,신복,어린이공원,,광주광역시 북구 신용동 670,35.2125496,126.8619682,2633.7,,,,,,2012-03-15,광주광역시 북구,062-410-6437,2021-09-06
29170-00101,건국,어린이공원,,광주광역시 북구 신용동 740,35.2106528,126.8648313,3711.9,,,,,,2012-03-15,광주광역시 북구,062-410-6437,2021-09-06
29170-00102,풍향골,어린이공원,,광주광역시 북구 풍향동 810,35.16328488,126.9282949,4345.8,,,,,,2009-12-15,광주광역시 북구,062-410-6437,2021-09-06
29170-00103,외촌,어린이공원,,광주광역시 북구 연제동 47-4,,,3884,,,,,,1986-06-04,광주광역시 북구,062-410-6437,2021-09-06
29170-00104,용두,어린이공원,,광주광역시 북구 연제동 161-1,,,1824,,,,,,2017-04-28,광주광역시 북구,062-410-6437,2021-09-06
29170-00105,유림(동림동 2),소공원,,광주광역시 북구 동림동 1328,35.17333665,126.8647658,521,,,,,,2009-05-15,광주광역시 북구,062-410-6437,2021-09-06
29170-00106,신평,소공원,,"광주광역시 북구 용두동 1117, 1118",35.21090876,126.8714468,450,,,,,,2015-11-03,광주광역시 북구,062-410-6437,2021-09-06
29170-00107,양지,소공원,,광주광역시 북구 양산동 1154,35.20473844,126.881496,686.4,,,,,,2013-05-01,광주광역시 북구,062-410-6437,2021-09-06
29170-00108,동림동1,소공원,,광주광역시 북구 동림동 898-1,,,765,,,,,,2009-05-15,광주광역시 북구,062-410-6437,2021-09-06
29170-00109,양산체육(첨단2산업체육),체육공원,,광주광역시 북구 연제동 1059,35.19943588,126.8612305,21176.2,,,,,,2006-12-05,광주광역시 북구,062-410-6437,2021-09-06
29170-00110,체육(첨단산당),체육공원,,광주광역시 북구 오룡동 1113,35.22054602,126.8587669,108752,,,,,,2020-01-07,광주광역시 북구,062-410-6437,2021-09-06
29200-00001,월계4,역사공원,,광주광역시 광산구 월계동 765-5,35.21356424,126.8425399,13850.2,,,,,,1994-06-27,광주광역시 역사민속박물관,062-613-5342,2021-09-06
29200-00002,하남,근린공원,,광주광역시 광산구 하남동 499-3,35.19156159,126.7929881,36141,,,,,,1985-09-30,광주광역시 광산구,062-960-8702,2021-09-06
29200-00003,월곡,근린공원,,광주광역시 광산구 월곡동 587,35.16753022,126.8144712,22460.2,,,,,,1985-12-30,광주광역시 광산구,062-960-8702,2021-09-06
29200-00004,산정,근린공원,,광주광역시 광산구 월곡동 539,35.16924487,126.8065727,43860,,,,,,1985-12-30,광주광역시 광산구,062-960-8702,2021-09-06
29200-00005,안청,근린공원,,광주광역시 광산구 안청동 736-1,35.21298255,126.8023702,74914,,,,,,1989-01-07,광주광역시 광산구,062-960-8702,2021-09-06
29200-00006,대상,근린공원,,광주광역시 광산구 쌍암동 690,35.219835,126.847401,46372.3,,,,,,1991-12-12,광주광역시 광산구,062-960-8702,2021-09-06
29200-00007,무양,근린공원,,광주광역시 광산구 월계동 848-1,35.21089807,126.8398045,37279.46,,,,,,1991-12-12,광주광역시 광산구,062-960-8702,2021-09-06
29200-00008,쌍암,근린공원,,광주광역시 광산구 쌍암동 653-1,35.22222807,126.8442514,147962.1,,,,,,1991-12-12,광주광역시 광산구,062-960-8702,2021-09-06
29200-00009,응암,근린공원,,광주광역시 광산구 월계동 760-1,35.21689594,126.8320334,36558.6,,,,,,1991-12-12,광주광역시 광산구,062-960-8702,2021-09-06
29200-00010,신가2,근린공원,,광주광역시 광산구 신가동 1021-1,35.1848131,126.8413131,34409.1,,,,,,1998-09-15,광주광역시 광산구,062-960-8702,2021-09-06
29200-00011,제1풍영정,근린공원,,광주광역시 광산구 월곡동 684-1,35.17650582,126.8120631,23720.6,,,,,,1997-08-12,광주광역시 광산구,062-960-8702,2021-09-06
29200-00012,제2풍영정,근린공원,,광주광역시 광산구 운남동 793-1,35.177154,126.813321,26200.7,,,,,,1997-08-12,광주광역시 광산구,062-960-8702,2021-09-06
29200-00013,운남,근린공원,,광주광역시 광산구 운남동 799-1,35.17144075,126.8159421,34212.8,,,,,,1998-09-15,광주광역시 광산구,062-960-8702,2021-09-06
29200-00014,가족,근린공원,,광주광역시 광산구 신창동 1120,35.19885624,126.8386196,10709.8,,,,,,2001-04-03,광주광역시 광산구,062-960-8702,2021-09-06
29200-00015,역사,근린공원,,광주광역시 광산구 신창동 1173,35.194427,126.845057,51806.4,,,,,,2001-04-03,광주광역시 광산구,062-960-8702,2021-09-06
29200-00016,생태,근린공원,,광주광역시 광산구 신창동 1262,35.19413701,126.8361298,15329,,,,,,2001-04-03,광주광역시 광산구,062-960-8702,2021-09-06
29200-00017,솔무,근린공원,,광주광역시 광산구 장덕동 1112,35.19905413,126.8156075,10031.2,,,,,,2001-04-19,광주광역시 광산구,062-960-8702,2021-09-06
29200-00018,신완,근린공원,,광주광역시 광산구 장덕동 1048,35.198056,126.814272,43091.7,,,,,,2001-04-19,광주광역시 광산구,062-960-8702,2021-09-06
29200-00019,잿등,근린공원,,광주광역시 광산구 장덕동 1308,35.19420047,126.8127548,10000.4,,,,,,2001-04-19,광주광역시 광산구,062-960-8702,2021-09-06
29200-00020,장덕,근린공원,,광주광역시 광산구 장덕동 1495,35.187566,126.813381,37644.8,,,,,,2001-04-19,광주광역시 광산구,062-960-8702,2021-09-06
29200-00021,원당산,근린공원,,광주광역시 광산구 장덕동 1295,35.19123149,126.8163323,135509.6,,,,,,2001-04-19,광주광역시 광산구,062-960-8702,2021-09-06
29200-00022,성덕,근린공원,,광주광역시 광산구 장덕동 1127,35.193749,126.818196,31067.8,,,,,,2001-04-19,광주광역시 광산구,062-960-8702,2021-09-06
29200-00023,수완호수,근린공원,,광주광역시 광산구 장덕동 1681,35.18794562,126.8202483,84835.1,,,,,,2001-04-19,광주광역시 광산구,062-960-8702,2021-09-06
29200-00024,풍영정천변길,근린공원,,광주광역시 광산구 수완동 1411,35.185279,126.817137,40991.9,,,,,,2001-04-19,광주광역시 광산구,062-960-8702,2021-09-06
29200-00025,완동,근린공원,,광주광역시 광산구 수완동 919,35.199382,126.827591,37027,,,,,,2001-04-19,광주광역시 광산구,062-960-8702,2021-09-06
29200-00026,수문1,근린공원,,광주광역시 광산구 수완동 1154,35.195707,126.832976,53315.2,,,,,,2001-04-19,광주광역시 광산구,062-960-8702,2021-09-06
29200-00027,고래실,근린공원,,광주광역시 광산구 수완동 943,35.19520254,126.8296887,24936.4,,,,,,2001-04-19,광주광역시 광산구,062-960-8702,2021-09-06
29200-00028,너른배미,근린공원,,광주광역시 광산구 수완동 974,35.193484,126.827176,10015,,,,,,2001-04-19,광주광역시 광산구,062-960-8702,2021-09-06
29200-00029,은빛,근린공원,,광주광역시 광산구 수완동 1493,35.1878923,126.8257031,10025.4,,,,,,2001-04-19,광주광역시 광산구,062-960-8702,2021-09-06
29200-00030,아름,근린공원,,광주광역시 광산구 신가동 1066,35.1846219,126.8255036,14254.5,,,,,,2001-04-19,광주광역시 광산구,062-960-8702,2021-09-06
29200-00031,경암,근린공원,,광주광역시 광산구 하남동 663,35.17828034,126.800083,64835,,,,,,2004-03-29,광주광역시 광산구,062-960-8702,2021-09-06
29200-00032,역산,근린공원,,광주광역시 광산구 산정동 1122,35.169465,126.800356,24580,,,,,,2004-03-29,광주광역시 광산구,062-960-8702,2021-09-06
29200-00033,장수천,근린공원,,광주광역시 광산구 산정동 1035,35.175959,126.802889,10119,,,,,,2004-03-29,광주광역시 광산구,062-960-8702,2021-09-06
29200-00034,월전,근린공원,,광주광역시 광산구 장록동 751-1,35.13221174,126.7685876,40038.5,,,,,,1991-06-25,광주광역시 광산구,062-960-8702,2021-09-06
29200-00035,용동,근린공원,,광주광역시 광산구 용동 669-1,35.13325354,126.7574326,38773.8,,,,,,1991-06-25,광주광역시 광산구,062-960-8702,2021-09-06
29200-00036,천하,근린공원,,광주광역시 광산구 용동 680-2,35.13059104,126.7512693,13035.2,,,,,,2009-02-16,광주광역시 광산구,062-960-8702,2021-09-06
29200-00037,옥동1,근린공원,,광주광역시 광산구 옥동 1242-2,35.12584077,126.7610794,16644.4,,,,,,1999-09-22,광주광역시 광산구,062-960-8702,2021-09-06
29200-00038,옥동2,근린공원,,광주광역시 광산구 옥동 1241-1,35.12527903,126.7632797,29733.4,,,,,,2004-07-27,광주광역시 광산구,062-960-8702,2021-09-06
29200-00039,평동역,근린공원,,광주광역시 광산구 월전동 927,35.122301,126.763232,15498.8,,,,,,1992-12-29,광주광역시 광산구,062-960-8702,2021-09-06
29200-00040,원두,근린공원,,광주광역시 광산구 월전동 1061,35.12045901,126.7768267,25291.4,,,,,,1992-12-29,광주광역시 광산구,062-960-8702,2021-09-06
29200-00041,선운,근린공원,,광주광역시 광산구 선암동 544,35.14520656,126.780155,59093.6,,,,,,2006-05-29,광주광역시 광산구,062-960-8702,2021-09-06
29200-00042,하신,근린공원,,광주광역시 광산구 하남동 519,35.18793404,126.7974918,30158,,,,,,2011-03-22,광주광역시 광산구,062-960-8702,2021-09-06
29200-00043,신촌,근린공원,,광주광역시 광산구 신촌동 703-6,35.14180117,126.8048677,22383,,,,,,1975-02-18,광주광역시 광산구,062-960-8702,2021-09-06
29200-00044,진곡,근린공원,,광주광역시 광산구 진곡동 556,35.21015106,126.7849716,11316,,,,,,2008-12-31,광주광역시 광산구,062-960-8702,2021-09-06
29200-00045,고룡,근린공원,,광주광역시 광산구 진곡동 596,35.205535,126.782745,34396.4,,,,,,2008-12-31,광주광역시 광산구,062-960-8702,2021-09-06
29200-00046,시례,근린공원,,광주광역시 광산구 진곡동 620,35.201902,126.786602,10089.8,,,,,,2008-12-31,광주광역시 광산구,062-960-8702,2021-09-06
29200-00047,발산제,근린공원,,광주광역시 광산구 오선동 587,35.198225,126.793981,34030.2,,,,,,2008-12-31,광주광역시 광산구,062-960-8702,2021-09-06
29200-00048,표산,근린공원,,광주광역시 광산구 오선동 589,35.19423486,126.791857,8445.7,,,,,,2008-12-31,광주광역시 광산구,062-960-8702,2021-09-06
29200-00049,고저골,근린공원,,광주광역시 광산구 오선동 740,35.19342768,126.7907967,10325.6,,,,,,2008-12-31,광주광역시 광산구,062-960-8702,2021-09-06
29200-00050,선운,소공원,,광주광역시 광산구 선암동 584,35.148721,126.771813,810.8,,,,,,2009-07-15,광주광역시 광산구,062-960-8712,2021-09-06
29200-00051,진곡,소공원,,광주광역시 광산구 오선동 688,35.200996,126.791428,2492.9,,,,,,2009-02-05,광주광역시 광산구,062-960-8712,2021-09-06
29200-00052,송정주공,소공원,,광주광역시 광산구 우산동 1079-3,,,4982,,,,,,2007-04-20,광주광역시 광산구,062-960-8712,2021-09-06
29200-00053,우산,소공원,,광주광역시 광산구 우산동 1599-1,35.1606593,126.807615,1155.8,,,,,,2007-11-15,광주광역시 광산구,062-960-8712,2021-09-06
29200-00054,소공원 3(운남3지구 주공A 남측일원),소공원,,광주광역시 광산구 운남동 523-10,,,2287,,,,,,2016-06-01,광주광역시 광산구,062-960-8712,2021-09-06
29200-00055,소공원 6(운남6지구 주공A 남측일원),소공원,,광주광역시 광산구 운남동 524-16,,,102,,,,,,2016-06-01,광주광역시 광산구,062-960-8712,2021-09-06
29200-00056,무돌,어린이공원,,광주광역시 광산구 우산동 1025-1,35.15796451,126.8095013,1629.9,,,,,,1980-08-23,광주광역시 광산구,062-960-8712,2021-09-06
29200-00057,대덕,어린이공원,,광주광역시 광산구 우산동 1039-1,35.155539,126.814926,1779.9,,,,,,1980-08-23,광주광역시 광산구,062-960-8712,2021-09-06
29200-00058,꿈꾸는,어린이공원,,광주광역시 광산구 우산동 1045-2,35.15493996,126.8114927,1629.8,,,,,,1980-08-23,광주광역시 광산구,062-960-8712,2021-09-06
29200-00059,칙칙폭폭,어린이공원,,광주광역시 광산구 우산동 1066-4,35.152618,126.814668,1630.1,,,,,,1980-08-23,광주광역시 광산구,062-960-8712,2021-09-06
29200-00060,별빛,어린이공원,,광주광역시 광산구 우산동 1072-4,35.15254155,126.8115596,1630.2,,,,,,1980-08-23,광주광역시 광산구,062-960-8712,2021-09-06
29200-00061,자유,어린이공원,,광주광역시 광산구 우산동 1076-1,35.1536008,126.8087828,1630.2,,,,,,1980-08-23,광주광역시 광산구,062-960-8712,2021-09-06
29200-00062,용아,어린이공원,,광주광역시 광산구 소촌동 20-1,35.15092091,126.803614,1689.8,,,,,,1980-08-23,광주광역시 광산구,062-960-8712,2021-09-06
29200-00063,다정한,어린이공원,,광주광역시 광산구 신촌동 884-1,35.150216,126.806493,1630,,,,,,1980-08-23,광주광역시 광산구,062-960-8712,2021-09-06
29200-00064,도담,어린이공원,,광주광역시 광산구 월계동 789-1,35.209963,126.834581,2783.6,,,,,,1990-12-12,광주광역시 광산구,062-960-8712,2021-09-06
29200-00065,우리들,어린이공원,,광주광역시 광산구 월계동 815-1,35.212541,126.837574,2952.4,,,,,,1990-12-12,광주광역시 광산구,062-960-8712,2021-09-06
29200-00066,장고분,어린이공원,,광주광역시 광산구 월계동 824-1,35.212878,126.841022,2397.8,,,,,,1990-12-12,광주광역시 광산구,062-960-8712,2021-09-06
29200-00067,산정중앙,어린이공원,,광주광역시 광산구 산정동 969-1,35.16838307,126.8042652,2192,,,,,,1990-06-30,광주광역시 광산구,062-960-8712,2021-09-06
29200-00068,다모아,어린이공원,,광주광역시 광산구 월곡동 520-1,35.17091117,126.8069508,2231,,,,,,1990-06-30,광주광역시 광산구,062-960-8712,2021-09-06
29200-00069,햇살,어린이공원,,광주광역시 광산구 월곡동 503,35.17400451,126.8068776,1689.4,,,,,,1990-06-30,광주광역시 광산구,062-960-8712,2021-09-06
29200-00070,월곡하늘,어린이공원,,광주광역시 광산구 월곡동 608-1,35.16724236,126.8101866,1815,,,,,,1990-06-30,광주광역시 광산구,062-960-8712,2021-09-06
29200-00071,월곡솔밭,어린이공원,,광주광역시 광산구 월곡동 575-10,35.16906946,126.8142921,1736.7,,,,,,1990-06-30,광주광역시 광산구,062-960-8712,2021-09-06
29200-00072,어등,어린이공원,,광주광역시 광산구 우산동 1572-4,35.1648958,126.8082646,5600.2,,,,,,1991-12-26,광주광역시 광산구,062-960-8712,2021-09-06
29200-00073,수랑,어린이공원,,광주광역시 광산구 우산동 1602-1,35.1590708,126.8046124,8300.3,,,,,,1991-12-26,광주광역시 광산구,062-960-8712,2021-09-06
29200-00074,서작,어린이공원,,광주광역시 광산구 우산동 1590-1,35.15900541,126.8111189,1600,,,,,,1991-12-26,광주광역시 광산구,062-960-8712,2021-09-06
29200-00075,빛뫼,어린이공원,,광주광역시 광산구 비아동 667-1,35.22364515,126.8194491,1500.7,,,,,,1990-08-27,광주광역시 광산구,062-960-8712,2021-09-06
29200-00076,꽃밭등,어린이공원,,광주광역시 광산구 비아동 695-1,35.2219464,126.8190399,2721.9,,,,,,1990-08-27,광주광역시 광산구,062-960-8712,2021-09-06
29200-00077,조형,어린이공원,,광주광역시 광산구 비아동 689-3,35.22077212,126.8173597,1500,,,,,,1990-08-27,광주광역시 광산구,062-960-8712,2021-09-06
29200-00078,아산,어린이공원,,광주광역시 광산구 비아동 699-1,35.22206079,126.8207994,1500.8,,,,,,1990-08-27,광주광역시 광산구,062-960-8712,2021-09-06
29200-00079,비아,어린이공원,,광주광역시 광산구 비아동 710-1,35.22109664,126.8222227,1500.2,,,,,,1990-08-27,광주광역시 광산구,062-960-8712,2021-09-06
29200-00080,도루메,어린이공원,,광주광역시 광산구 도산동 1287-5,35.1305649,126.7887934,1585.7,,,,,,1990-09-04,광주광역시 광산구,062-960-8712,2021-09-06
29200-00081,임방울,어린이공원,,광주광역시 광산구 도산동 1296-1,35.12833815,126.7896111,1500,,,,,,1990-09-04,광주광역시 광산구,062-960-8712,2021-09-06
29200-00082,용동,어린이공원,,광주광역시 광산구 용동 684-1,35.12997258,126.7520881,4480.9,,,,,,1991-06-25,광주광역시 광산구,062-960-8712,2021-09-06
29200-00083,웃음꽃,어린이공원,,광주광역시 광산구 운남동 769-7,35.178146,126.818957,1517.4,,,,,,1993-07-28,광주광역시 광산구,062-960-8712,2021-09-06
29200-00084,목련,어린이공원,,광주광역시 광산구 운남동 770-1,35.17626664,126.8195583,3374.8,,,,,,1993-07-28,광주광역시 광산구,062-960-8712,2021-09-06
29200-00085,꿈사랑,어린이공원,,광주광역시 광산구 운남동 771-4,35.177823,126.822172,2486.5,,,,,,1993-07-28,광주광역시 광산구,062-960-8712,2021-09-06
29200-00086,뭉게뭉게,어린이공원,,광주광역시 광산구 운남동 776-5,35.177751,126.826501,1920.5,,,,,,1993-07-28,광주광역시 광산구,062-960-8712,2021-09-06
29200-00087,여울빛,어린이공원,,광주광역시 광산구 운남동 777-4,35.176656,126.8279226,2414.1,,,,,,1993-07-28,광주광역시 광산구,062-960-8712,2021-09-06
29200-00088,가온,어린이공원,,광주광역시 광산구 신가동 961-2,35.185762,126.832012,2302.4,,,,,,1996-10-25,광주광역시 광산구,062-960-8712,2021-09-06
29200-00089,신가,어린이공원,,광주광역시 광산구 신가동 963-5,35.184726,126.832129,2845.9,,,,,,1996-10-25,광주광역시 광산구,062-960-8712,2021-09-06
29200-00090,천사,어린이공원,,광주광역시 광산구 신가동 1004-6,35.184017,126.834517,1534,,,,,,1996-10-25,광주광역시 광산구,062-960-8712,2021-09-06
29200-00091,선광,어린이공원,,광주광역시 광산구 신가동 1009,35.183146,126.836837,1525.7,,,,,,1996-10-25,광주광역시 광산구,062-960-8712,2021-09-06
29200-00092,아람,어린이공원,,광주광역시 광산구 신창동 1108-2,35.186193,126.837449,1643.8,,,,,,1996-10-25,광주광역시 광산구,062-960-8712,2021-09-06
29200-00093,쉼목,어린이공원,,광주광역시 광산구 신가동 981-1,35.187477,126.836785,2962.5,,,,,,1996-10-25,광주광역시 광산구,062-960-8712,2021-09-06
29200-00094,맑은샘,어린이공원,,광주광역시 광산구 월곡동 681-2,35.17877687,126.8106736,1500.1,,,,,,1997-08-12,광주광역시 광산구,062-960-8712,2021-09-06
29200-00095,야호숲,어린이공원,,광주광역시 광산구 월곡동 685-2,35.173388,126.810754,1500.3,,,,,,1997-08-12,광주광역시 광산구,062-960-8712,2021-09-06
29200-00096,풍영정천,어린이공원,,광주광역시 광산구 운남동 781-2,35.177946,126.814155,1520,,,,,,1997-08-12,광주광역시 광산구,062-960-8712,2021-09-06
29200-00097,목련무지개,어린이공원,,광주광역시 광산구 운남동 782-2,35.177823,126.816099,1518,,,,,,1997-08-12,광주광역시 광산구,062-960-8712,2021-09-06
29200-00098,방동,어린이공원,,광주광역시 광산구 운남동 794-4,35.173676,126.815965,1500.1,,,,,,1997-08-12,광주광역시 광산구,062-960-8712,2021-09-06
29200-00099,기쁨,어린이공원,,광주광역시 광산구 월곡동 702-1,35.170384,126.810641,1505.6,,,,,,1997-08-12,광주광역시 광산구,062-960-8712,2021-09-06
29200-00100,라온,어린이공원,,광주광역시 광산구 산월동 882-2,35.211699,126.846961,1556.2,,,,,,2001-12-28,광주광역시 광산구,062-960-8712,2021-09-06
29200-00101,첨단강변,어린이공원,,광주광역시 광산구 산월동 883-3,35.211662,126.850903,1559.3,,,,,,2001-12-28,광주광역시 광산구,062-960-8712,2021-09-06
29200-00102,월봉,어린이공원,,광주광역시 광산구 산월동 886-3,35.208547,126.846934,1559.9,,,,,,2001-12-28,광주광역시 광산구,062-960-8712,2021-09-06
29200-00103,가족,어린이공원,,광주광역시 광산구 신창동 1112,35.199208,126.838183,1592.1,,,,,,2001-04-03,광주광역시 광산구,062-960-8712,2021-09-06
29200-00104,용수,어린이공원,,광주광역시 광산구 신창동 1170,35.19667358,126.8420158,1842.6,,,,,,2001-04-03,광주광역시 광산구,062-960-8712,2021-09-06
29200-00105,생태,어린이공원,,광주광역시 광산구 신창동 1269,35.194018,126.834428,1622.3,,,,,,2001-04-03,광주광역시 광산구,062-960-8712,2021-09-06
29200-00106,솔솔,어린이공원,,광주광역시 광산구 신창동 1231,35.193396,126.838255,1753.4,,,,,,2001-04-03,광주광역시 광산구,062-960-8712,2021-09-06
29200-00107,초록,어린이공원,,광주광역시 광산구 신가동 1031,35.18879978,126.8348971,2000,,,,,,2001-04-03,광주광역시 광산구,062-960-8712,2021-09-06
29200-00108,그린나래,어린이공원,,광주광역시 광산구 신창동 1210-3,35.189082,126.838159,1500.3,,,,,,2001-04-03,광주광역시 광산구,062-960-8712,2021-09-06
29200-00109,풍영,어린이공원,,광주광역시 광산구 신창동 855-22,35.181894,126.837817,1594,,,,,,1992-08-06,광주광역시 광산구,062-960-8712,2021-09-06
29200-00110,새골풀,어린이공원,,광주광역시 광산구 장덕동 1038,35.200794,126.812968,1500.7,,,,,,2004-08-27,광주광역시 광산구,062-960-8712,2021-09-06
29200-00111,고실,어린이공원,,광주광역시 광산구 장덕동 1099,35.20095765,126.8167095,1764.3,,,,,,2004-08-27,광주광역시 광산구,062-960-8712,2021-09-06
29200-00112,신완,어린이공원,,광주광역시 광산구 장덕동 1045,35.198243,126.812666,1754.9,,,,,,2004-08-27,광주광역시 광산구,062-960-8712,2021-09-06
29200-00113,꽃방울,어린이공원,,광주광역시 광산구 장덕동 1117,35.196658,126.818089,1510.8,,,,,,2004-08-27,광주광역시 광산구,062-960-8712,2021-09-06
29200-00114,잿등,어린이공원,,광주광역시 광산구 장덕동 1325,35.19351637,126.8133526,1500.1,,,,,,2004-08-27,광주광역시 광산구,062-960-8712,2021-09-06
29200-00115,우주선,어린이공원,,광주광역시 광산구 장덕동 1456,35.19169071,126.813085,1500.3,,,,,,2004-08-27,광주광역시 광산구,062-960-8712,2021-09-06
29200-00116,보물선,어린이공원,,광주광역시 광산구 장덕동 1168,35.19321426,126.8161999,5999.5,,,,,,2004-08-27,광주광역시 광산구,062-960-8712,2021-09-06
29200-00117,골옷,어린이공원,,광주광역시 광산구 장덕동 1524,35.189801,126.811749,1500.1,,,,,,2004-08-27,광주광역시 광산구,062-960-8712,2021-09-06
29200-00118,장덕,어린이공원,,광주광역시 광산구 장덕동 1598,35.187943,126.813749,1554.3,,,,,,2004-08-27,광주광역시 광산구,062-960-8712,2021-09-06
29200-00119,성덕,어린이공원,,광주광역시 광산구 장덕동 1692,35.188007,126.816605,2110.4,,,,,,2004-08-27,광주광역시 광산구,062-960-8712,2021-09-06
29200-00120,해님,어린이공원,,광주광역시 광산구 흑석동 520,35.1830806,126.8131322,1605.6,,,,,,2004-08-27,광주광역시 광산구,062-960-8712,2021-09-06
29200-00121,장자울,어린이공원,,광주광역시 광산구 흑석동 573,35.18122634,126.8104082,1568.4,,,,,,2004-08-27,광주광역시 광산구,062-960-8712,2021-09-06
29200-00122,버들,어린이공원,,광주광역시 광산구 신가동 1305,35.181622,126.816752,1500.7,,,,,,2004-08-27,광주광역시 광산구,062-960-8712,2021-09-06
29200-00123,솔빛,어린이공원,,광주광역시 광산구 수완동 912,35.20113352,126.8222179,1500,,,,,,2004-08-27,광주광역시 광산구,062-960-8712,2021-09-06
29200-00124,수완,어린이공원,,광주광역시 광산구 수완동 925,35.19863049,126.8247116,1500.1,,,,,,2004-08-27,광주광역시 광산구,062-960-8712,2021-09-06
29200-00125,해솔,어린이공원,,광주광역시 광산구 수완동 969,35.192783,126.824698,1500,,,,,,2004-08-27,광주광역시 광산구,062-960-8712,2021-09-06
29200-00126,솟대,어린이공원,,광주광역시 광산구 수완동 1299,35.192635,126.831013,2151.9,,,,,,2004-08-27,광주광역시 광산구,062-960-8712,2021-09-06
29200-00127,동심,어린이공원,,광주광역시 광산구 수완동 1641,35.189306,126.830906,1500,,,,,,2004-08-27,광주광역시 광산구,062-960-8712,2021-09-06
29200-00128,새터,어린이공원,,광주광역시 광산구 수완동 1706,35.188679,126.830225,1553.4,,,,,,2004-08-27,광주광역시 광산구,062-960-8712,2021-09-06
29200-00129,은빛,어린이공원,,광주광역시 광산구 수완동 1492,35.186619,126.825886,2517,,,,,,2004-08-27,광주광역시 광산구,062-960-8712,2021-09-06
29200-00130,아름,어린이공원,,광주광역시 광산구 신가동 1063,35.184825,126.823042,1502,,,,,,2004-08-27,광주광역시 광산구,062-960-8712,2021-09-06
29200-00131,성곽,어린이공원,,광주광역시 광산구 신가동 1203,35.181145,126.820494,3023.6,,,,,,2004-08-27,광주광역시 광산구,062-960-8712,2021-09-06
29200-00132,한우물,어린이공원,,광주광역시 광산구 하남동 550,35.177846,126.796366,1551.2,,,,,,2004-04-12,광주광역시 광산구,062-960-8712,2021-09-06
29200-00133,경암,어린이공원,,광주광역시 광산구 하남동 664,35.178113,126.802568,1535.5,,,,,,2004-04-12,광주광역시 광산구,062-960-8712,2021-09-06
29200-00134,따사로움,어린이공원,,광주광역시 광산구 산정동 1025,35.174206,126.799937,1507.3,,,,,,2004-04-12,광주광역시 광산구,062-960-8712,2021-09-06
29200-00135,부엉,어린이공원,,광주광역시 광산구 산정동 1058,35.174213,126.801872,1500,,,,,,2004-04-12,광주광역시 광산구,062-960-8712,2021-09-06
29200-00136,역산,어린이공원,,광주광역시 광산구 산정동 1121,35.170097,126.800394,2206.7,,,,,,2004-04-12,광주광역시 광산구,062-960-8712,2021-09-06
29200-00137,북두칠성,어린이공원,,광주광역시 광산구 선암동 713,35.147605,126.771664,1639.6,,,,,,2009-07-15,광주광역시 광산구,062-960-8712,2021-09-06
29200-00138,우주,어린이공원,,광주광역시 광산구 선암동 637,35.146378,126.775354,1509.1,,,,,,2006-05-29,광주광역시 광산구,062-960-8712,2021-09-06
29200-00139,무지개,어린이공원,,광주광역시 광산구 선암동 542,35.14657834,126.7786204,1585,,,,,,2006-05-29,광주광역시 광산구,062-960-8712,2021-09-06
29200-00140,풍물,어린이공원,,광주광역시 광산구 선암동 550,35.150298,126.776147,3388.5,,,,,,2006-05-29,광주광역시 광산구,062-960-8712,2021-09-06
29200-00141,도산,어린이공원,,광주광역시 광산구 도산동 1318,,,1591,,,,,,1992-08-06,광주광역시 광산구,062-960-8712,2021-09-06
29200-00142,한밭,어린이공원,,광주광역시 광산구 하남동 1027,,,1523.7,,,,,,2007-02-01,광주광역시 광산구,062-960-8712,2021-09-06
29200-00143,검바우,어린이공원,,광주광역시 광산구 하남동 1157,,,1498.3,,,,,,2007-02-01,광주광역시 광산구,062-960-8712,2021-09-06
